"year","total_productive_hours","avg_productive_hours_per_patient_day"
2009,1601042282.0,3.121617318068166
2010,1564426705.0,3.051357466063367
2011,1585515171.0,3.117556561085967
2012,1584290582.0,3.1415841189749036
2013,1578833455.0,3.18264502105693
